time	x4
0.055555556	0.017842075
0.111111111	0.017551037
0.166666667	0.017159392
0.222222222	0.016380524
0.277777778	0.015793263
0.333333333	0.015459758
0.388888889	0.015294359
0.444444444	0.015302011
0.5	0.015060578
0.555555556	0.015940845
0.611111111	0.01829886
0.666666667	0.018385871
0.722222222	0.01831512
0.777777778	0.017984124
0.833333333	0.017839633
0.888888889	0.017370575
0.944444444	0.01718726
1	0.016460926
1.055555556	0.015999853
1.111111111	0.015816256
1.166666667	0.015556985
1.222222222	0.015477886
1.277777778	0.014775273
1.333333333	0.01560701
1.388888889	0.017542452
1.444444444	0.018551024
1.5	0.01797646
1.555555556	0.017649178
1.611111111	0.017140226
1.666666667	0.017205787
1.722222222	0.016956914
1.777777778	0.01577778
1.833333333	0.015522975
1.888888889	0.015391851
1.944444444	0.014928716
2	0.014644364
2.055555556	0.014524035
2.111111111	0.015381625
2.166666667	0.017548952
2.222222222	0.017589623
2.277777778	0.017637823
2.333333333	0.017290824
2.388888889	0.017051342
2.444444444	0.016817739
2.5	0.016583801
2.555555556	0.016159258
2.611111111	0.015357077
2.666666667	0.015150924
2.722222222	0.015050637
2.777777778	0.014838834
2.833333333	0.015344116
2.888888889	0.017173689
2.944444444	0.018526089
3	0.01840093
3.055555556	0.017499085
3.111111111	0.017643119
3.166666667	0.017546717
3.222222222	0.017130276
3.277777778	0.016650379
3.333333333	0.016339451
3.388888889	0.01600055
3.444444444	0.015910922
3.5	0.015250853
3.555555556	0.016955701
3.611111111	0.017985556
3.666666667	0.018554486
3.722222222	0.018492881
3.777777778	0.018043646
3.833333333	0.017780845
3.888888889	0.01779508
3.944444444	0.017405245
4	0.016786857
4.055555556	0.016503889
4.111111111	0.016412317
4.166666667	0.015809306
4.222222222	0.017160476
4.277777778	0.018565811
4.333333333	0.019000804
4.388888889	0.018459183
4.444444444	0.018543039
4.5	0.01875602
4.555555556	0.018440432
4.611111111	0.01799828
4.666666667	0.017640718
4.722222222	0.017337071
4.777777778	0.01705856
4.833333333	0.016672698
4.888888889	0.017540294
4.944444444	0.018845771
5	0.01974636
5.055555556	0.01930373
5.111111111	0.018787993
5.166666667	0.019430664
5.222222222	0.018869078
5.277777778	0.019073914
5.333333333	0.018420052
5.388888889	0.018351145
5.444444444	0.018075359
5.5	0.017804699
5.555555556	0.017237533
5.611111111	0.018202258
5.666666667	0.019370285
5.722222222	0.01952744
5.777777778	0.0194677
5.833333333	0.01948813
5.888888889	0.018827922
5.944444444	0.018960346
6	0.018906945
6.055555556	0.018682402
6.111111111	0.018254132
6.166666667	0.017793027
6.222222222	0.017750717
6.277777778	0.017659187
6.333333333	0.017163689
6.388888889	0.018540306
6.444444444	0.019374651
6.5	0.019939868
6.555555556	0.019782815
6.611111111	0.0197542
6.666666667	0.019344165
6.722222222	0.019196193
6.777777778	0.019265405
6.833333333	0.018400457
6.888888889	0.018762608
6.944444444	0.017750502
7	0.017741472
7.055555556	0.017501796
7.111111111	0.017023375
7.166666667	0.018060885
7.222222222	0.019506911
7.277777778	0.019904253
7.333333333	0.019435347
7.388888889	0.01927626
7.444444444	0.018952043
7.5	0.019352491
7.555555556	0.019202803
7.611111111	0.018676424
7.666666667	0.018270899
7.722222222	0.018604467
7.777777778	0.018200204
7.833333333	0.018186518
7.888888889	0.017946063
7.944444444	0.017609025
8	0.019428997
8.055555556	0.020268094
8.111111111	0.019988475
8.166666667	0.020167951
8.222222222	0.019714482
8.277777778	0.019758213
8.333333333	0.019631012
8.388888889	0.019168147
8.444444444	0.018613456
8.5	0.018308621
8.555555556	0.018232381
8.611111111	0.018211011
8.666666667	0.017418359
8.722222222	0.017349748
8.777777778	0.018313226
8.833333333	0.019709627
8.888888889	0.019534032
8.944444444	0.019770445
9	0.019406275
9.055555556	0.019104025
9.111111111	0.018758607
9.166666667	0.018579255
9.222222222	0.018270273
9.277777778	0.017759002
9.333333333	0.018347588
9.388888889	0.017665736
9.444444444	0.017354519
9.5	0.017044964
9.555555556	0.017487565
9.611111111	0.018872052
9.666666667	0.019760714
9.722222222	0.019268598
9.777777778	0.019111442
9.833333333	0.019258099
9.888888889	0.019031686
9.944444444	0.018608048
10	0.018091034
10.05555556	0.017458369
10.11111111	0.017132427
10.16666667	0.016881011
10.22222222	0.01639633
10.27777778	0.016103672
10.33333333	0.016661486
10.38888889	0.018845801
10.44444444	0.018688166
10.5	0.018398216
10.55555556	0.018245442
10.61111111	0.018171539
10.66666667	0.017747545
10.72222222	0.017222827
10.77777778	0.016695531
10.83333333	0.016459702
10.88888889	0.015746797
10.94444444	0.015655999
11	0.015271478
11.05555556	0.015635817
11.11111111	0.017808862
11.16666667	0.018359167
11.22222222	0.018079197
11.27777778	0.016810909
11.33333333	0.016780163
11.38888889	0.016852038
11.44444444	0.016484876
11.5	0.015809653
11.55555556	0.01583021
11.61111111	0.015600279
11.66666667	0.015809643
11.72222222	0.015584676
11.77777778	0.016305275
11.83333333	0.018158617
11.88888889	0.018427511
11.94444444	0.018243613
12	0.017995441
12.05555556	0.017732994
12.11111111	0.017394538
12.16666667	0.017005544
12.22222222	0.01701455
12.27777778	0.016588835
12.33333333	0.016407978
12.38888889	0.015918862
12.44444444	0.01686504
12.5	0.01844993
12.55555556	0.018760018
12.61111111	0.018662964
12.66666667	0.019096767
12.72222222	0.01899144
12.77777778	0.01840356
12.83333333	0.01829209
12.88888889	0.018092102
12.94444444	0.017419628
13	0.01712406
13.05555556	0.016737871
13.11111111	0.017904568
13.16666667	0.01900582
13.22222222	0.01914092
13.27777778	0.019200363
13.33333333	0.019273952
13.38888889	0.019077597
13.44444444	0.018651765
13.5	0.018839369
13.55555556	0.018346286
13.61111111	0.017924085
13.66666667	0.018086089
13.72222222	0.017691343
13.77777778	0.019195192
13.83333333	0.019814108
13.88888889	0.020139948
13.94444444	0.019749101
14	0.020221278
14.05555556	0.019466752
14.11111111	0.019502676
14.16666667	0.019277205
14.22222222	0.018453437
14.27777778	0.018723683
14.33333333	0.018285764
14.38888889	0.018131585
14.44444444	0.018106239
14.5	0.019035135
14.55555556	0.021189928
14.61111111	0.020478303
14.66666667	0.019986532
14.72222222	0.020002308
14.77777778	0.020016347
14.83333333	0.019945513
14.88888889	0.019199255
14.94444444	0.019666209
15	0.019033661
15.05555556	0.018815295
15.11111111	0.018437607
15.16666667	0.017958851
15.22222222	0.017559322
15.27777778	0.018405329
15.33333333	0.019719854
15.38888889	0.020125419
15.44444444	0.019758125
15.5	0.019538724
15.55555556	0.019342529
15.61111111	0.019556042
15.66666667	0.019150202
15.72222222	0.018735562
15.77777778	0.01882737
15.83333333	0.018643698
15.88888889	0.018281202
15.94444444	0.018023528
16	0.017662728
16.05555556	0.017483641
16.11111111	0.019143275
16.16666667	0.02003034
16.22222222	0.019453911
16.27777778	0.01988081
16.33333333	0.019300292
16.38888889	0.019298959
16.44444444	0.019393052
16.5	0.018805001
16.55555556	0.01864728
16.61111111	0.018456823
16.66666667	0.018346475
16.72222222	0.017618746
16.77777778	0.017406714
16.83333333	0.017227846
16.88888889	0.017569388
16.94444444	0.020071656
17	0.020148925
17.05555556	0.019778674
17.11111111	0.019561328
17.16666667	0.019549903
17.22222222	0.019039571
17.27777778	0.018810125
17.33333333	0.018275918
17.38888889	0.017368745
17.44444444	0.017364204
17.5	0.017200889
17.55555556	0.016847281
17.61111111	0.016460132
17.66666667	0.016303954
17.72222222	0.017849239
17.77777778	0.019104892
17.83333333	0.019029053
17.88888889	0.018975948
17.94444444	0.019352703
18	0.018878443
18.05555556	0.018595615
18.11111111	0.018172618
18.16666667	0.017288206
18.22222222	0.017015098
18.27777778	0.017000525
18.33333333	0.016288302
18.38888889	0.016227893
18.44444444	0.016172547
18.5	0.017079881
18.55555556	0.018479709
18.61111111	0.018857844
18.66666667	0.018593416
18.72222222	0.018430015
18.77777778	0.017961406
18.83333333	0.017728348
18.88888889	0.017376563
18.94444444	0.016989376
19	0.016144597
19.05555556	0.015916804
19.11111111	0.015189913
19.16666667	0.015375352
19.22222222	0.015175212
19.27777778	0.016448507
19.33333333	0.018006274
19.38888889	0.017687692
19.44444444	0.017308308
19.5	0.017192671
19.55555556	0.016910606
19.61111111	0.016290096
19.66666667	0.015821651
19.72222222	0.015808003
19.77777778	0.015382968
19.83333333	0.015024658
19.88888889	0.015083353
19.94444444	0.01505822
20	0.016436665
20.05555556	0.017913078
20.11111111	0.017425093
20.16666667	0.016780535
20.22222222	0.016860214
20.27777778	0.016779323
20.33333333	0.016386494
20.38888889	0.016276195
20.44444444	0.01553349
20.5	0.015356609
20.55555556	0.015317844
20.61111111	0.01553074
20.66666667	0.01734305
20.72222222	0.018359918
20.77777778	0.018232102
20.83333333	0.017796486
20.88888889	0.017744464
20.94444444	0.017105187
21	0.017148045
21.05555556	0.01689732
21.11111111	0.016112859
21.16666667	0.016006239
21.22222222	0.015848505
21.27777778	0.016596255
21.33333333	0.018400396
21.38888889	0.018439624
21.44444444	0.018722996
21.5	0.018318442
21.55555556	0.018019114
21.61111111	0.018030898
21.66666667	0.017925724
21.72222222	0.01727642
21.77777778	0.016851951
21.83333333	0.016519535
21.88888889	0.017037828
21.94444444	0.019107115
22	0.019284127
22.05555556	0.019719123
22.11111111	0.019302744
22.16666667	0.019449554
22.22222222	0.019034431
22.27777778	0.0185818
22.33333333	0.018680731
22.38888889	0.018200406
22.44444444	0.0178376
22.5	0.017729465
22.55555556	0.019130129
22.61111111	0.019832474
22.66666667	0.020373859
22.72222222	0.01976421
22.77777778	0.019531392
22.83333333	0.019680559
22.88888889	0.019173614
22.94444444	0.018830128
23	0.018479042
23.05555556	0.018110507
23.11111111	0.018147815
23.16666667	0.017636507
23.22222222	0.018971814
23.27777778	0.019865855
23.33333333	0.019854313
23.38888889	0.020110281
23.44444444	0.019681185
23.5	0.01966995
23.55555556	0.019761083
23.61111111	0.01920221
23.66666667	0.019259573
23.72222222	0.018726618
23.77777778	0.018612449
23.83333333	0.018109047
23.88888889	0.017794975
23.94444444	0.018222963
24	0.019464298
24.05555556	0.020436641
24.11111111	0.020483537
24.16666667	0.020109651
24.22222222	0.0198304
24.27777778	0.019999013
24.33333333	0.019957941
24.38888889	0.019578912
24.44444444	0.018806494
24.5	0.018872672
24.55555556	0.018839585
24.61111111	0.018027366
24.66666667	0.017594019
24.72222222	0.017375095
24.77777778	0.01820926
24.83333333	0.019969596
24.88888889	0.019581018
24.94444444	0.019727673
25	0.019853594
25.05555556	0.019278805
25.11111111	0.019456284
25.16666667	0.018614497
25.22222222	0.018881727
25.27777778	0.018032144
25.33333333	0.017863393
25.38888889	0.017233615
25.44444444	0.01694559
25.5	0.016691731
25.55555556	0.01728368
25.61111111	0.01892501
25.66666667	0.019423284
25.72222222	0.019575493
25.77777778	0.019316055
25.83333333	0.01888163
25.88888889	0.018956826
25.94444444	0.018306937
26	0.018106947
26.05555556	0.017429035
26.11111111	0.016784959
26.16666667	0.016900785
26.22222222	0.016407498
26.27777778	0.015969994
26.33333333	0.016293357
26.38888889	0.018301293
26.44444444	0.019422864
26.5	0.019358612
26.55555556	0.018937978
26.61111111	0.018229371
26.66666667	0.01845135
26.72222222	0.018379549
26.77777778	0.017096537
26.83333333	0.016680127
26.88888889	0.016913812
26.94444444	0.016297303
27	0.016183967
27.05555556	0.01579005
27.11111111	0.016269943
27.16666667	0.018449597
27.22222222	0.018593638
27.27777778	0.019165831
27.33333333	0.0182795
27.38888889	0.017985919
27.44444444	0.017814764
27.5	0.017538984
27.55555556	0.017130904
27.61111111	0.016459856
27.66666667	0.016546219
27.72222222	0.015759061
27.77777778	0.016067891
27.83333333	0.015336752
27.88888889	0.01611117
27.94444444	0.01836381
28	0.018372776
28.05555556	0.018387332
28.11111111	0.01781497
28.16666667	0.01793202
28.22222222	0.018053731
28.27777778	0.016999066
28.33333333	0.016185673
28.38888889	0.015513551
28.44444444	0.015615499
28.5	0.015327188
28.55555556	0.01528665
28.61111111	0.015543194
28.66666667	0.017916399
28.72222222	0.01825977
28.77777778	0.018002709
28.83333333	0.017330086
28.88888889	0.017364692
28.94444444	0.017218164
29	0.01651348
29.05555556	0.0160148
29.11111111	0.015663596
29.16666667	0.015670477
29.22222222	0.015234153
29.27777778	0.015889926
29.33333333	0.017550421
29.38888889	0.018037786
29.44444444	0.018401703
29.5	0.017749644
29.55555556	0.017211458
29.61111111	0.017356555
29.66666667	0.016874633
29.72222222	0.016646432
29.77777778	0.016287316
29.83333333	0.0154841
29.88888889	0.015472246
29.94444444	0.016730945
30	0.018592832
30.05555556	0.018666201
30.11111111	0.018694844
30.16666667	0.018660319
30.22222222	0.018148282
30.27777778	0.018292173
30.33333333	0.018039487
30.38888889	0.017412798
30.44444444	0.017790847
30.5	0.017169094
30.55555556	0.017687109
30.61111111	0.018941317
30.66666667	0.019432813
30.72222222	0.019634498
30.77777778	0.019175094
30.83333333	0.019202038
30.88888889	0.019567835
30.94444444	0.019518229
31	0.019048422
31.05555556	0.019410912
31.11111111	0.018966187
31.16666667	0.018817182
31.22222222	0.018887003
31.27777778	0.020106218
31.33333333	0.020433253
31.38888889	0.020283551
31.44444444	0.020362279
31.5	0.020763897
31.55555556	0.020131012
31.61111111	0.020073152
31.66666667	0.020025153
31.72222222	0.019813591
31.77777778	0.019643879
31.83333333	0.02002294
31.88888889	0.019383157
31.94444444	0.020666872
32	0.021029427
32.05555556	0.021600994
32.11111111	0.021222646
32.16666667	0.021289456
32.22222222	0.020959206
32.27777778	0.021212056
32.33333333	0.021020518
32.38888889	0.020995428
32.44444444	0.02081312
32.5	0.020619821
32.55555556	0.02066051
32.61111111	0.019913637
32.66666667	0.020241132
32.72222222	0.021443244
32.77777778	0.0218593
32.83333333	0.022204043
32.88888889	0.021457089
32.94444444	0.021481412
33	0.021405798
33.05555556	0.021611732
33.11111111	0.021503516
33.16666667	0.020819331
33.22222222	0.020440202
33.27777778	0.020959007
33.33333333	0.021067696
33.38888889	0.020505965
33.44444444	0.019882484
33.5	0.020065834
33.55555556	0.021805321
33.61111111	0.022204777
33.66666667	0.021171933
33.72222222	0.021324896
33.77777778	0.021409749
33.83333333	0.021419698
33.88888889	0.021457064
33.94444444	0.020839861
34	0.020651819
34.05555556	0.020209388
34.11111111	0.020383897
34.16666667	0.020027279
34.22222222	0.019378459
34.27777778	0.020022438
34.33333333	0.021285993
34.38888889	0.021599486
34.44444444	0.021243531
34.5	0.021067498
34.55555556	0.020902401
34.61111111	0.020959467
34.66666667	0.021223818
34.72222222	0.020737432
34.77777778	0.020815015
34.83333333	0.020333826
34.88888889	0.019610885
34.94444444	0.019829612
35	0.019522766
35.05555556	0.019229654
35.11111111	0.02035479
35.16666667	0.021524722
35.22222222	0.021444766
35.27777778	0.02107075
35.33333333	0.020851127
35.38888889	0.021147443
35.44444444	0.021100005
35.5	0.02030928
35.55555556	0.01998084
35.61111111	0.019925976
35.66666667	0.02023506
35.72222222	0.019761244
35.77777778	0.019623241
35.83333333	0.019209687
35.88888889	0.02042467
35.94444444	0.021430309
36	0.021080155
36.05555556	0.021284524
36.11111111	0.021207726
36.16666667	0.020696125
36.22222222	0.020540595
36.27777778	0.020415299
36.33333333	0.019486996
36.38888889	0.019818005
36.44444444	0.019368246
36.5	0.019115111
36.55555556	0.018124801
36.61111111	0.017845725
36.66666667	0.019642483
36.72222222	0.02066184
36.77777778	0.020728068
36.83333333	0.020431078
36.88888889	0.019835801
36.94444444	0.019769417
37	0.019791496
37.05555556	0.019012175
37.11111111	0.018869408
37.16666667	0.01902369
37.22222222	0.018365582
37.27777778	0.017927645
37.33333333	0.017740165
37.38888889	0.018354922
37.44444444	0.019856913
37.5	0.020496594
37.55555556	0.019452281
37.61111111	0.019236777
37.66666667	0.019654544
37.72222222	0.019109318
37.77777778	0.018946508
37.83333333	0.018955054
37.88888889	0.0181289
37.94444444	0.017716482
38	0.017707149
38.05555556	0.01757729
38.11111111	0.019401567
38.16666667	0.020396422
38.22222222	0.019933136
38.27777778	0.019338957
38.33333333	0.019427794
38.38888889	0.019045527
38.44444444	0.019267265
38.5	0.01858777
38.55555556	0.018402518
38.61111111	0.018220064
38.66666667	0.017794203
38.72222222	0.018698396
38.77777778	0.020190173
38.83333333	0.020061383
38.88888889	0.019979671
38.94444444	0.019773901
39	0.019786624
39.05555556	0.020187646
39.11111111	0.019611684
39.16666667	0.019490825
39.22222222	0.019055358
39.27777778	0.018626739
39.33333333	0.018783519
39.38888889	0.020101879
39.44444444	0.020432043
39.5	0.020438997
39.55555556	0.020442332
39.61111111	0.020287157
39.66666667	0.020122539
39.72222222	0.019853271
39.77777778	0.019829422
39.83333333	0.019814331
39.88888889	0.019903052
39.94444444	0.01951774
40	0.019937602
40.05555556	0.021122029
40.11111111	0.021221928
40.16666667	0.02075841
40.22222222	0.021464303
40.27777778	0.020931356
40.33333333	0.021126657
40.38888889	0.020691847
40.44444444	0.020112315
40.5	0.020024073
40.55555556	0.020009392
40.61111111	0.019286683
40.66666667	0.019781071
40.72222222	0.02153125
40.77777778	0.021417175
40.83333333	0.02196098
40.88888889	0.021225698
40.94444444	0.021516966
41	0.021068712
41.05555556	0.021124182
41.11111111	0.020644494
41.16666667	0.020979707
41.22222222	0.020360761
41.27777778	0.019972964
41.33333333	0.020517268
41.38888889	0.019540571
41.44444444	0.019991579
41.5	0.020670404
41.55555556	0.021845559
41.61111111	0.021431599
41.66666667	0.021120034
41.72222222	0.021060193
41.77777778	0.021039655
41.83333333	0.020921986
41.88888889	0.020658986
41.94444444	0.020698495
42	0.020331288
42.05555556	0.020098587
42.11111111	0.019644849
42.16666667	0.019113752
42.22222222	0.019846936
42.27777778	0.021247406
42.33333333	0.021935888
42.38888889	0.021490385
42.44444444	0.021140575
42.5	0.02094337
42.55555556	0.020841886
42.61111111	0.020941886
42.66666667	0.020696105
42.72222222	0.020460919
42.77777778	0.020555186
42.83333333	0.019876697
42.88888889	0.019378634
42.94444444	0.019189759
43	0.019238787
43.05555556	0.020923238
43.11111111	0.021051185
43.16666667	0.021399761
43.22222222	0.020895613
43.27777778	0.021268429
43.33333333	0.020910122
43.38888889	0.021073021
43.44444444	0.020536194
43.5	0.020042507
43.55555556	0.020011418
43.61111111	0.019346561
43.66666667	0.019159743
43.72222222	0.018937159
43.77777778	0.018466333
43.83333333	0.020564892
43.88888889	0.021149341
43.94444444	0.021155529
44	0.021055688
44.05555556	0.020902626
44.11111111	0.020381126
44.16666667	0.020088674
44.22222222	0.019455907
44.27777778	0.019441176
44.33333333	0.019119157
44.38888889	0.018581173
44.44444444	0.018231725
44.5	0.018240654
44.55555556	0.017824624
44.61111111	0.019936866
44.66666667	0.020588089
44.72222222	0.020287705
44.77777778	0.020054488
44.83333333	0.019733463
44.88888889	0.019261605
44.94444444	0.019318781
45	0.019286353
45.05555556	0.018163906
45.11111111	0.017792216
45.16666667	0.017900919
45.22222222	0.017335918
45.27777778	0.016819141
45.33333333	0.017934468
45.38888889	0.019926226
45.44444444	0.019832798
45.5	0.019579945
45.55555556	0.019348349
45.61111111	0.01919667
45.66666667	0.01885494
45.72222222	0.018509866
45.77777778	0.01844405
45.83333333	0.01807275
45.88888889	0.017392591
45.94444444	0.017093877
46	0.016749053
46.05555556	0.018271344
46.11111111	0.019416687
46.16666667	0.019737337
46.22222222	0.019532878
46.27777778	0.019001623
46.33333333	0.018831701
46.38888889	0.018834933
46.44444444	0.018615953
46.5	0.01778189
46.55555556	0.017852582
46.61111111	0.017416426
46.66666667	0.016993186
46.72222222	0.01791841
46.77777778	0.019038264
46.83333333	0.020156701
46.88888889	0.019721309
46.94444444	0.019993594
47	0.019512649
47.05555556	0.019616045
47.11111111	0.019185681
47.16666667	0.018576741
47.22222222	0.018449019
47.27777778	0.017565115
47.33333333	0.017982225
47.38888889	0.019333386
47.44444444	0.019848296
47.5	0.02052369
47.55555556	0.019989687
47.61111111	0.020463491
47.66666667	0.020372782
47.72222222	0.01981073
47.77777778	0.01921501
47.83333333	0.018738928
47.88888889	0.018931624
47.94444444	0.018469508
48	0.018864813
48.05555556	0.020567512
48.11111111	0.02059371
48.16666667	0.020613739
48.22222222	0.020996942
48.27777778	0.020098099
48.33333333	0.020327793
48.38888889	0.01977412
48.44444444	0.019132474
48.5	0.019231304
48.55555556	0.019005958
48.61111111	0.019268247
48.66666667	0.020717358
48.72222222	0.021137882
48.77777778	0.021024608
48.83333333	0.020991101
48.88888889	0.020625608
48.94444444	0.020756642
49	0.020353138
49.05555556	0.020259853
49.11111111	0.019894129
49.16666667	0.020105481
49.22222222	0.019470446
49.27777778	0.019298964
49.33333333	0.020634685
49.38888889	0.020721952
49.44444444	0.02127838
49.5	0.02092546
49.55555556	0.020735127
49.61111111	0.021140975
49.66666667	0.021043961
49.72222222	0.020313187
49.77777778	0.020678532
49.83333333	0.020430417
49.88888889	0.020133531
49.94444444	0.019897059
50	0.019834319
50.05555556	0.020785624
50.11111111	0.021533878
50.16666667	0.021189106
50.22222222	0.021307521
50.27777778	0.021152019
50.33333333	0.021229638
50.38888889	0.020734941
50.44444444	0.020989954
50.5	0.020344891
50.55555556	0.020114999
50.61111111	0.019549749
50.66666667	0.019502019
50.72222222	0.019541335
50.77777778	0.019652708
50.83333333	0.019738304
50.88888889	0.021419689
50.94444444	0.021646036
51	0.02144021
51.05555556	0.020987456
51.11111111	0.020800263
51.16666667	0.020871141
51.22222222	0.020522108
51.27777778	0.02087721
51.33333333	0.019842472
51.38888889	0.019562935
51.44444444	0.019969834
51.5	0.019399668
51.55555556	0.018794593
51.61111111	0.019207536
51.66666667	0.02067463
51.72222222	0.021240283
51.77777778	0.0212344
51.83333333	0.021010412
51.88888889	0.0207448
51.94444444	0.021085788
52	0.020834013
52.05555556	0.020090322
52.11111111	0.020085955
52.16666667	0.019667033
52.22222222	0.019350526
52.27777778	0.019228875
52.33333333	0.018562429
52.38888889	0.018885469
52.44444444	0.020553566
52.5	0.020924055
52.55555556	0.021142397
52.61111111	0.021004071
52.66666667	0.019946907
52.72222222	0.019983441
52.77777778	0.020519033
52.83333333	0.020421452
52.88888889	0.019090997
52.94444444	0.01924089
53	0.01870461
53.05555556	0.018911878
53.11111111	0.018298609
53.16666667	0.020257608
53.22222222	0.021283811
53.27777778	0.020990492
53.33333333	0.020707962
53.38888889	0.020183354
53.44444444	0.020257503
53.5	0.019758735
53.55555556	0.019391449
53.61111111	0.018949652
53.66666667	0.018569798
53.72222222	0.018226913
53.77777778	0.01781444
53.83333333	0.017715869
53.88888889	0.019786073
53.94444444	0.02039629
54	0.020387029
54.05555556	0.02033635
54.11111111	0.019626132
54.16666667	0.019803986
54.22222222	0.019613485
54.27777778	0.018805882
54.33333333	0.018428057
54.38888889	0.01828858
54.44444444	0.018124337
54.5	0.017345282
54.55555556	0.018292744
54.61111111	0.020317473
54.66666667	0.020548797
54.72222222	0.020119852
54.77777778	0.020137859
54.83333333	0.020081119
54.88888889	0.019771626
54.94444444	0.019043535
55	0.018320851
55.05555556	0.01809704
55.11111111	0.018210285
55.16666667	0.017455042
55.22222222	0.019041793
55.27777778	0.020117582
55.33333333	0.020159466
55.38888889	0.019766676
55.44444444	0.019904343
55.5	0.019450468
55.55555556	0.019497248
55.61111111	0.019144527
55.66666667	0.01834129
55.72222222	0.018419151
55.77777778	0.018379118
55.83333333	0.018689238
55.88888889	0.019928681
55.94444444	0.020646167
56	0.020490538
56.05555556	0.020197241
56.11111111	0.020211869
56.16666667	0.019823659
56.22222222	0.020203985
56.27777778	0.019309836
56.33333333	0.019348003
56.38888889	0.018797254
56.44444444	0.019826351
56.5	0.020865268
56.55555556	0.020636675
56.61111111	0.020713929
56.66666667	0.021119603
56.72222222	0.020561647
56.77777778	0.020338655
56.83333333	0.020083851
56.88888889	0.019731828
56.94444444	0.020035885
57	0.019293593
57.05555556	0.02014333
57.11111111	0.021586478
57.16666667	0.021255095
57.22222222	0.021349479
57.27777778	0.0216807
57.33333333	0.021227348
57.38888889	0.02034875
57.44444444	0.020259028
57.5	0.02067451
57.55555556	0.020594087
57.61111111	0.020402702
57.66666667	0.019817261
57.72222222	0.020667809
57.77777778	0.022397672
57.83333333	0.021895989
57.88888889	0.021894479
57.94444444	0.02139832
58	0.021107736
58.05555556	0.021081178
58.11111111	0.021006096
58.16666667	0.020430727
58.22222222	0.020133284
58.27777778	0.020078223
58.33333333	0.019288782
58.38888889	0.019090973
58.44444444	0.020621805
58.5	0.021616066
58.55555556	0.021285886
58.61111111	0.021357334
58.66666667	0.021301687
58.72222222	0.020888744
58.77777778	0.020887025
58.83333333	0.020878871
58.88888889	0.020356728
58.94444444	0.019939273
59	0.019873379
59.05555556	0.019499617
59.11111111	0.018808764
59.16666667	0.019129985
59.22222222	0.020000914
59.27777778	0.02100706
59.33333333	0.02132668
59.38888889	0.020581768
59.44444444	0.020206599
59.5	0.020821876
59.55555556	0.020805395
59.61111111	0.01981833
59.66666667	0.01916301
59.72222222	0.019435625
59.77777778	0.01873606
59.83333333	0.018361288
59.88888889	0.018426362
59.94444444	0.018370581
60	0.019392041
60.05555556	0.020916484
60.11111111	0.020929519
60.16666667	0.020475874
60.22222222	0.019741314
60.27777778	0.019854707
60.33333333	0.020073085
60.38888889	0.019542125
60.44444444	0.019237053
60.5	0.018673461
60.55555556	0.018394621
60.61111111	0.018127947
60.66666667	0.017968539
60.72222222	0.018290014
60.77777778	0.020027983
60.83333333	0.020978439
60.88888889	0.020564337
60.94444444	0.02010969
61	0.019674965
61.05555556	0.019915144
61.11111111	0.019350023
61.16666667	0.019044993
61.22222222	0.018781365
61.27777778	0.018455662
61.33333333	0.018292977
61.38888889	0.017947945
61.44444444	0.018045336
61.5	0.01864483
61.55555556	0.020144463
61.61111111	0.020022619
61.66666667	0.020145368
61.72222222	0.019452584
61.77777778	0.01941885
61.83333333	0.019194047
61.88888889	0.018940363
61.94444444	0.018406539
62	0.018005142
62.05555556	0.0181537
62.11111111	0.017632181
62.16666667	0.017517982
62.22222222	0.018123836
62.27777778	0.020190441
62.33333333	0.019882077
62.38888889	0.019687392
62.44444444	0.019681401
62.5	0.019645285
62.55555556	0.01955763
62.61111111	0.019324649
62.66666667	0.018254597
62.72222222	0.018133211
62.77777778	0.017581239
62.83333333	0.01755056
62.88888889	0.017354582
62.94444444	0.018930808
63	0.020135346
63.05555556	0.019748795
63.11111111	0.019406065
63.16666667	0.01905481
63.22222222	0.019328179
63.27777778	0.018646721
63.33333333	0.018329298
63.38888889	0.017888706
63.44444444	0.017801494
63.5	0.01728324
63.55555556	0.017345027
63.61111111	0.019037565
63.66666667	0.019959539
63.72222222	0.019521942
63.77777778	0.019237433
63.83333333	0.019344477
63.88888889	0.019027708
63.94444444	0.018214513
64	0.017839183
64.05555556	0.017848954
64.11111111	0.017204988
64.16666667	0.017208144
64.22222222	0.018068953
64.27777778	0.019736537
64.33333333	0.020042988
64.38888889	0.019783273
64.44444444	0.018993662
64.5	0.019216323
64.55555556	0.019086739
64.61111111	0.01869772
64.66666667	0.01805267
64.72222222	0.017903071
64.77777778	0.017552029
64.83333333	0.018469998
64.88888889	0.020526469
64.94444444	0.020462163
65	0.02037464
65.05555556	0.019825562
65.11111111	0.019793371
65.16666667	0.01971278
65.22222222	0.019320115
65.27777778	0.019162421
65.33333333	0.01921935
65.38888889	0.018677391
65.44444444	0.019673579
65.5	0.021201744
65.55555556	0.020758917
65.61111111	0.020654379
65.66666667	0.020667703
65.72222222	0.020372171
65.77777778	0.020471349
65.83333333	0.019707105
65.88888889	0.019188133
65.94444444	0.01915176
66	0.019301737
66.05555556	0.020026234
66.11111111	0.021021234
66.16666667	0.021439504
66.22222222	0.021391347
66.27777778	0.021450163
66.33333333	0.020916134
66.38888889	0.020711049
66.44444444	0.020322449
66.5	0.021051171
66.55555556	0.01965117
66.61111111	0.019586854
66.66666667	0.020110997
66.72222222	0.021170025
66.77777778	0.02169022
66.83333333	0.021657725
66.88888889	0.021627468
66.94444444	0.020810401
67	0.020912442
67.05555556	0.020949242
67.11111111	0.020828231
67.16666667	0.020672554
67.22222222	0.020353264
67.27777778	0.01967598
67.33333333	0.020826224
67.38888889	0.021348413
67.44444444	0.021483029
67.5	0.021369724
67.55555556	0.021261743
67.61111111	0.021823554
67.66666667	0.021607204
67.72222222	0.021360246
67.77777778	0.020877038
67.83333333	0.020520448
67.88888889	0.020140576
67.94444444	0.020508016
68	0.020226548
68.05555556	0.02208621
68.11111111	0.021934891
68.16666667	0.021535101
68.22222222	0.021719417
68.27777778	0.021975804
68.33333333	0.021641831
68.38888889	0.021561586
68.44444444	0.021376009
68.5	0.021219632
68.55555556	0.02081418
68.61111111	0.021217694
68.66666667	0.02042106
68.72222222	0.020578517
68.77777778	0.021454544
68.83333333	0.022325684
68.88888889	0.022057971
68.94444444	0.022131729
69	0.021900825
69.05555556	0.021721425
69.11111111	0.021687622
69.16666667	0.021697609
69.22222222	0.021405168
69.27777778	0.020940695
69.33333333	0.020960354
69.38888889	0.020707436
69.44444444	0.021171218
69.5	0.021472757
69.55555556	0.022021426
69.61111111	0.022570578
69.66666667	0.022518296
69.72222222	0.022297571
69.77777778	0.021621753
69.83333333	0.021299076
69.88888889	0.020993812
69.94444444	0.021189723
70	0.020780185
70.05555556	0.021109013
70.11111111	0.020801661
70.16666667	0.020893672
70.22222222	0.020604767
70.27777778	0.021962825
70.33333333	0.022478894
70.38888889	0.021877876
70.44444444	0.022373529
70.5	0.02185902
70.55555556	0.022358135
70.61111111	0.021872194
70.66666667	0.021720878
70.72222222	0.021694101
70.77777778	0.021268363
70.83333333	0.020971705
70.88888889	0.020442858
70.94444444	0.020662925
71	0.020845606
71.05555556	0.02269855
71.11111111	0.022608243
71.16666667	0.021965482
71.22222222	0.021969525
71.27777778	0.022072183
71.33333333	0.021935076
71.38888889	0.022139122
71.44444444	0.021521033
71.5	0.021473022
71.55555556	0.020851958
71.61111111	0.02106735
71.66666667	0.02114203
71.72222222	0.020701738
71.77777778	0.021013897
71.83333333	0.022222996
71.88888889	0.02261548
71.94444444	0.021772811
72	0.022523379
72.05555556	0.022445783
72.11111111	0.022526617
72.16666667	0.021757319
72.22222222	0.021890489
72.27777778	0.021562217
72.33333333	0.021490059
72.38888889	0.020866448
72.44444444	0.020721674
72.5	0.020328065
72.55555556	0.021005436
72.61111111	0.021970141
72.66666667	0.021984031
72.72222222	0.022327147
72.77777778	0.021793622
72.83333333	0.021849537
72.88888889	0.022003383
72.94444444	0.021663855
73	0.021492478
73.05555556	0.021316252
73.11111111	0.020876404
73.16666667	0.021197367
73.22222222	0.020540396
73.27777778	0.020505812
73.33333333	0.021953884
73.38888889	0.022571494
73.44444444	0.022265241
73.5	0.02254996
73.55555556	0.022011632
73.61111111	0.022222898
73.66666667	0.021429225
73.72222222	0.021205615
73.77777778	0.021066181
73.83333333	0.021170521
73.88888889	0.020165187
73.94444444	0.019808464
74	0.020692179
74.05555556	0.021662152
74.11111111	0.022164029
74.16666667	0.021755579
74.22222222	0.02161928
74.27777778	0.021548041
74.33333333	0.021169842
74.38888889	0.021052011
74.44444444	0.020973909
74.5	0.020260818
74.55555556	0.020341286
74.61111111	0.019813227
74.66666667	0.020482756
74.72222222	0.022129343
74.77777778	0.022028769
74.83333333	0.022069349
74.88888889	0.021536494
74.94444444	0.021631741
75	0.021482406
75.05555556	0.021427989
75.11111111	0.020975458
75.16666667	0.020437241
75.22222222	0.020252076
75.27777778	0.020045049
75.33333333	0.02075714
75.38888889	0.021928001
75.44444444	0.022132384
75.5	0.021559373
75.55555556	0.02188036
75.61111111	0.021589563
75.66666667	0.021406524
75.72222222	0.021322459
75.77777778	0.020684122
75.83333333	0.020868978
75.88888889	0.020831137
75.94444444	0.019881084
76	0.020408615
76.05555556	0.021478208
76.11111111	0.022168952
76.16666667	0.021894233
76.22222222	0.021638269
76.27777778	0.021510568
76.33333333	0.021632056
76.38888889	0.021135696
76.44444444	0.020707334
76.5	0.02072196
76.55555556	0.020212283
76.61111111	0.020150629
76.66666667	0.019168636
76.72222222	0.019612134
76.77777778	0.021861175
76.83333333	0.022264874
76.88888889	0.021814091
76.94444444	0.020869691
77	0.020818478
77.05555556	0.020915911
77.11111111	0.020257402
77.16666667	0.019600058
77.22222222	0.019227659
77.27777778	0.018945331
77.33333333	0.018591449
77.38888889	0.018557161
77.44444444	0.019551343
77.5	0.021092799
77.55555556	0.021356684
77.61111111	0.021228394
77.66666667	0.02028891
77.72222222	0.020624247
77.77777778	0.019655076
77.83333333	0.019686626
77.88888889	0.019056626
77.94444444	0.018624857
78	0.01836786
78.05555556	0.018425052
78.11111111	0.018793324
78.16666667	0.021156987
78.22222222	0.020908067
78.27777778	0.020494301
78.33333333	0.020093947
78.38888889	0.019786251
78.44444444	0.020435637
78.5	0.019630747
78.55555556	0.019101913
78.61111111	0.018981858
78.66666667	0.018097357
78.72222222	0.017702034
78.77777778	0.018628648
78.83333333	0.020688815
78.88888889	0.021064302
78.94444444	0.020181039
79	0.0199564
79.05555556	0.020009539
79.11111111	0.019771913
79.16666667	0.01969266
79.22222222	0.018840446
79.27777778	0.018589463
79.33333333	0.0181005
79.38888889	0.017978027
79.44444444	0.019946066
79.5	0.021188833
79.55555556	0.020877613
79.61111111	0.02006337
79.66666667	0.019727022
79.72222222	0.019838145
79.77777778	0.019269605
79.83333333	0.019068226
79.88888889	0.018811245
79.94444444	0.01814002
80	0.018088288
80.05555556	0.018871974
80.11111111	0.020558616
80.16666667	0.020440421
80.22222222	0.020150412
80.27777778	0.020021358
80.33333333	0.019796182
80.38888889	0.019683875
80.44444444	0.019294171
80.5	0.018436368
80.55555556	0.01828123
80.61111111	0.017911375
80.66666667	0.018344852
80.72222222	0.020597423
80.77777778	0.020382921
80.83333333	0.019956936
80.88888889	0.019605737
80.94444444	0.019633638
81	0.019055825
81.05555556	0.018891428
81.11111111	0.018557712
81.16666667	0.018500314
81.22222222	0.017917673
81.27777778	0.018250002
81.33333333	0.020545527
81.38888889	0.020344053
81.44444444	0.019643508
81.5	0.019734434
81.55555556	0.01981624
81.61111111	0.019357259
81.66666667	0.019378338
81.72222222	0.018626646
81.77777778	0.018109811
81.83333333	0.018489931
81.88888889	0.019796981
81.94444444	0.021451836
82	0.021341377
82.05555556	0.020670953
82.11111111	0.020666739
82.16666667	0.020347604
82.22222222	0.020109695
82.27777778	0.020041711
82.33333333	0.018980595
82.38888889	0.018641543
82.44444444	0.019230611
82.5	0.021040023
82.55555556	0.021745435
82.61111111	0.021206505
82.66666667	0.020659959
82.72222222	0.020463304
82.77777778	0.020413547
82.83333333	0.020490948
82.88888889	0.020394175
82.94444444	0.019863345
83	0.019841242
83.05555556	0.021689788
83.11111111	0.021374174
83.16666667	0.021937468
83.22222222	0.021695936
83.27777778	0.021489801
83.33333333	0.021602285
83.38888889	0.021642834
83.44444444	0.020814663
83.5	0.020485314
83.55555556	0.020715618
83.61111111	0.020842549
83.66666667	0.02194603
83.72222222	0.022248683
83.77777778	0.022039878
83.83333333	0.021929962
83.88888889	0.022266389
83.94444444	0.021902286
84	0.022324035
84.05555556	0.021791089
84.11111111	0.021280134
84.16666667	0.020745877
84.22222222	0.020550295
84.27777778	0.020837312
84.33333333	0.022167522
84.38888889	0.022335929
84.44444444	0.022322149
84.5	0.022466141
84.55555556	0.021627774
84.61111111	0.022019742
84.66666667	0.021568893
84.72222222	0.021379458
84.77777778	0.021230549
84.83333333	0.020985113
84.88888889	0.020848283
84.94444444	0.020523217
85	0.020306788
85.05555556	0.021597863
85.11111111	0.022902053
85.16666667	0.022890224
85.22222222	0.022158665
85.27777778	0.022263066
85.33333333	0.02229212
85.38888889	0.02183655
85.44444444	0.021857278
85.5	0.021030627
85.55555556	0.020802725
85.61111111	0.020560207
85.66666667	0.020653002
85.72222222	0.020061782
85.77777778	0.019716235
85.83333333	0.021727786
85.88888889	0.022466124
85.94444444	0.022582541
86	0.022128098
86.05555556	0.021658889
86.11111111	0.021353097
86.16666667	0.022324992
86.22222222	0.021518865
86.27777778	0.021317411
86.33333333	0.021160459
86.38888889	0.020704485
86.44444444	0.020460727
86.5	0.020199006
86.55555556	0.020067085
86.61111111	0.021450672
86.66666667	0.022339672
86.72222222	0.021969108
86.77777778	0.021975616
86.83333333	0.021525703
86.88888889	0.021974434
86.94444444	0.021433433
87	0.020739035
87.05555556	0.021164513
87.11111111	0.020215248
87.16666667	0.019893946
87.22222222	0.019943505
87.27777778	0.019476998
87.33333333	0.019753744
87.38888889	0.021543157
87.44444444	0.022301211
87.5	0.022085833
87.55555556	0.021492273
87.61111111	0.021451554
87.66666667	0.021079576
87.72222222	0.020917853
87.77777778	0.020420996
87.83333333	0.019666169
87.88888889	0.020023233
87.94444444	0.019875667
88	0.019205372
88.05555556	0.019026096
88.11111111	0.019804019
88.16666667	0.021065782
88.22222222	0.021644891
88.27777778	0.020603454
88.33333333	0.021133024
88.38888889	0.020973212
88.44444444	0.021015054
88.5	0.020303934
88.55555556	0.020561071
88.61111111	0.019622426
88.66666667	0.019799708
88.72222222	0.019608162
88.77777778	0.019074719
88.83333333	0.019029177
88.88888889	0.020789732
88.94444444	0.021005738
89	0.021027061
89.05555556	0.020584004
89.11111111	0.020529865
89.16666667	0.020546121
89.22222222	0.020679216
89.27777778	0.019675964
89.33333333	0.018863205
89.38888889	0.018616695
89.44444444	0.018775721
89.5	0.017851156
89.55555556	0.018518031
89.61111111	0.020225891
89.66666667	0.020609938
89.72222222	0.020119772
89.77777778	0.019977506
89.83333333	0.019661829
89.88888889	0.019305829
89.94444444	0.019503733
90	0.019104565
90.05555556	0.018474405
90.11111111	0.018609747
90.16666667	0.018220209
90.22222222	0.017986625
90.27777778	0.020242479
90.33333333	0.020806258
90.38888889	0.020343599
90.44444444	0.0202555
90.5	0.019586165
90.55555556	0.019978855
90.61111111	0.019621402
90.66666667	0.019403563
90.72222222	0.019000478
90.77777778	0.018723683
90.83333333	0.018988113
90.88888889	0.019883011
90.94444444	0.021019401
91	0.02146524
91.05555556	0.020951885
91.11111111	0.020300766
91.16666667	0.020964471
91.22222222	0.020655911
91.27777778	0.019967248
91.33333333	0.02072491
91.38888889	0.020391503
91.44444444	0.020022434
91.5	0.020302435
91.55555556	0.022822237
91.61111111	0.021816735
91.66666667	0.02241271
91.72222222	0.02247991
91.77777778	0.021077529
91.83333333	0.02211138
91.88888889	0.021495266
91.94444444	0.021655301
92	0.021051737
92.05555556	0.021174982
92.11111111	0.021547593
92.16666667	0.023190985
92.22222222	0.022561657
92.27777778	0.022642898
92.33333333	0.022608868
92.38888889	0.022134017
92.44444444	0.0221473
92.5	0.022148083
92.55555556	0.022436805
92.61111111	0.02120649
92.66666667	0.021451765
92.72222222	0.021267313
92.77777778	0.022176508
92.83333333	0.023089862
92.88888889	0.023097547
92.94444444	0.022874522
93	0.0225926
93.05555556	0.022416114
93.11111111	0.022105318
93.16666667	0.022230388
93.22222222	0.021774992
93.27777778	0.021735395
93.33333333	0.021319525
93.38888889	0.021213837
93.44444444	0.020989474
93.5	0.022286876
93.55555556	0.022949764
93.61111111	0.022939015
93.66666667	0.02335558
93.72222222	0.022022441
93.77777778	0.022062405
93.83333333	0.02263391
93.88888889	0.021758134
93.94444444	0.02159643
94	0.021608375
94.05555556	0.02133479
94.11111111	0.02157335
94.16666667	0.0211029
94.22222222	0.021210765
94.27777778	0.022350561
94.33333333	0.023480587
94.38888889	0.022399902
94.44444444	0.022681679
94.5	0.022056725
94.55555556	0.022322505
94.61111111	0.022081419
94.66666667	0.021696728
94.72222222	0.021710418
94.77777778	0.021532561
94.83333333	0.021335571
94.88888889	0.020578221
94.94444444	0.020910692
95	0.020035615
95.05555556	0.022005246
95.11111111	0.022666542
95.16666667	0.022364712
95.22222222	0.022409261
95.27777778	0.021961495
95.33333333	0.02178937
95.38888889	0.02180018
95.44444444	0.021738738
95.5	0.021187218
95.55555556	0.021104093
95.61111111	0.02083722
95.66666667	0.020608775
95.72222222	0.02052733
95.77777778	0.020318607
95.83333333	0.021682954
95.88888889	0.022723752
95.94444444	0.022061434
96	0.02182202
96.05555556	0.021699333
96.11111111	0.02160499
96.16666667	0.021634091
96.22222222	0.021194527
96.27777778	0.020811006
96.33333333	0.020187289
96.38888889	0.020706903
96.44444444	0.020627115
96.5	0.019701503
96.55555556	0.019193657
96.61111111	0.020642548
96.66666667	0.022117812
96.72222222	0.02230977
96.77777778	0.021798759
96.83333333	0.021709406
96.88888889	0.021136117
96.94444444	0.021099147
97	0.020923055
97.05555556	0.020504438
97.11111111	0.020282851
97.16666667	0.019869271
97.22222222	0.019890838
97.27777778	0.019334811
97.33333333	0.019305256
97.38888889	0.020628881
97.44444444	0.021367779
97.5	0.021432673
97.55555556	0.020754942
97.61111111	0.020888001
97.66666667	0.021157023
97.72222222	0.020491969
97.77777778	0.020139733
97.83333333	0.019871176
97.88888889	0.019139975
97.94444444	0.018985133
98	0.018407022
98.05555556	0.018139743
98.11111111	0.01955238
98.16666667	0.020940263
98.22222222	0.020739886
98.27777778	0.020575936
98.33333333	0.020067194
98.38888889	0.020652799
98.44444444	0.020403439
98.5	0.020005726
98.55555556	0.019303141
98.61111111	0.019082152
98.66666667	0.018840828
98.72222222	0.018979132
98.77777778	0.01847484
98.83333333	0.020020739
98.88888889	0.021199669
98.94444444	0.02128078
99	0.020343619
99.05555556	0.020780412
99.11111111	0.020518575
99.16666667	0.020734757
99.22222222	0.020716651
99.27777778	0.020043923
99.33333333	0.019619161
99.38888889	0.019181208
99.44444444	0.018677992
99.5	0.019900224
99.55555556	0.02123571
99.61111111	0.021076788
99.66666667	0.02140231
99.72222222	0.020879595
99.77777778	0.020778232
99.83333333	0.020901532
99.88888889	0.020336127
99.94444444	0.020339699
100	0.020299879
100.0555556	0.019637554
100.1111111	0.019678706
100.1666667	0.020210315
100.2222222	0.021639259
100.2777778	0.021694232
100.3333333	0.021530139
100.3888889	0.021438722
100.4444444	0.021907815
100.5	0.021756313
100.5555556	0.021468359
100.6111111	0.020910908
100.6666667	0.021077175
100.7222222	0.020402251
100.7777778	0.020708803
100.8333333	0.021801861
100.8888889	0.022312987
100.9444444	0.022288802
101	0.022204775
101.0555556	0.022389094
101.1111111	0.022135634
101.1666667	0.021604337
101.2222222	0.021865496
101.2777778	0.021670852
101.3333333	0.021575241
101.3888889	0.021459777
101.4444444	0.021938347
101.5	0.022297079
101.5555556	0.022820236
101.6111111	0.023116257
101.6666667	0.023174248
101.7222222	0.022962066
101.7777778	0.022924569
101.8333333	0.023255374
101.8888889	0.02287574
101.9444444	0.021841978
102	0.022191475
102.0555556	0.022019737
102.1111111	0.022324666
102.1666667	0.022809571
102.2222222	0.023265932
102.2777778	0.023807392
102.3333333	0.023086717
102.3888889	0.022987201
102.4444444	0.023182832
102.5	0.022940016
102.5555556	0.022177842
102.6111111	0.022703543
102.6666667	0.022108833
102.7222222	0.022177792
102.7777778	0.022036362
102.8333333	0.022214018
102.8888889	0.021948401
102.9444444	0.021858256
103	0.023490549
103.0555556	0.023120232
103.1111111	0.022707863
103.1666667	0.022616568
103.2222222	0.022280256
103.2777778	0.022533803
103.3333333	0.022424405
103.3888889	0.022074132
103.4444444	0.02239428
103.5	0.021710154
103.5555556	0.021570884
103.6111111	0.021454906
103.6666667	0.021605776
103.7222222	0.022269451
103.7777778	0.022941986
103.8333333	0.022660794
103.8888889	0.022588678
103.9444444	0.02312752
104	0.022033735
104.0555556	0.022567086
104.1111111	0.02188918
104.1666667	0.021515252
104.2222222	0.02180265
104.2777778	0.021402369
104.3333333	0.021018197
104.3888889	0.021025359
104.4444444	0.020494029
104.5	0.021709448
104.5555556	0.022567666
104.6111111	0.02242308
104.6666667	0.021996383
104.7222222	0.022303392
104.7777778	0.022027817
104.8333333	0.022420915
104.8888889	0.021924462
104.9444444	0.021175499
105	0.021571735
105.0555556	0.021237336
105.1111111	0.021281545
105.1666667	0.020755901
105.2222222	0.020894555
105.2777778	0.021163367
105.3333333	0.022639991
105.3888889	0.022775553
105.4444444	0.022305948
105.5	0.022165544
105.5555556	0.021875289
105.6111111	0.021295906
105.6666667	0.021609345
105.7222222	0.021737054
105.7777778	0.020854757
105.8333333	0.021007774
105.8888889	0.020299509
105.9444444	0.020115545
106	0.020328931
106.0555556	0.022123763
106.1111111	0.021639211
106.1666667	0.021840857
106.2222222	0.021836435
106.2777778	0.021341167
106.3333333	0.021569747
106.3888889	0.021726563
106.4444444	0.021109034
106.5	0.020495521
106.5555556	0.020651174
106.6111111	0.020757002
106.6666667	0.019866896
106.7222222	0.02033491
106.7777778	0.021551627
106.8333333	0.021867322
106.8888889	0.021670231
106.9444444	0.021676083
107	0.021435937
107.0555556	0.02087753
107.1111111	0.020597627
107.1666667	0.020800498
107.2222222	0.020400491
107.2777778	0.020012632
107.3333333	0.019789946
107.3888889	0.019330085
107.4444444	0.019818153
107.5	0.020659109
107.5555556	0.021039075
107.6111111	0.020599073
107.6666667	0.020587727
107.7222222	0.020889487
107.7777778	0.020704519
107.8333333	0.020576759
107.8888889	0.019965393
107.9444444	0.019816421
108	0.019798091
108.0555556	0.019505006
108.1111111	0.019965641
108.1666667	0.022062773
108.2222222	0.021752177
108.2777778	0.021484867
108.3333333	0.020986573
108.3888889	0.021142391
108.4444444	0.020984404
108.5	0.020762825
108.5555556	0.020177918
108.6111111	0.02038377
108.6666667	0.02027372
108.7222222	0.020187594
108.7777778	0.021663288
108.8333333	0.021928813
108.8888889	0.021762009
108.9444444	0.021765539
109	0.021645722
109.0555556	0.021850412
109.1111111	0.021980963
109.1666667	0.02135974
109.2222222	0.021335308
109.2777778	0.021366672
109.3333333	0.021076985
109.3888889	0.021983944
109.4444444	0.022441659
109.5	0.022658604
109.5555556	0.022364431
109.6111111	0.02231979
109.6666667	0.022448398
109.7222222	0.022189125
109.7777778	0.022509963
109.8333333	0.021917774
109.8888889	0.021577352
109.9444444	0.021591832
110	0.021893322
110.0555556	0.022822916
110.1111111	0.02347103
110.1666667	0.023116998
110.2222222	0.023230299
110.2777778	0.02243099
110.3333333	0.022830635
110.3888889	0.022859936
110.4444444	0.022174669
110.5	0.021938976
110.5555556	0.021746038
110.6111111	0.021767831
110.6666667	0.021867878
110.7222222	0.021646682
110.7777778	0.023031535
110.8333333	0.023571303
110.8888889	0.023412491
110.9444444	0.022747173
111	0.022734809
111.0555556	0.023262214
111.1111111	0.022471768
